model,condition,drop_pct
YOLOv8m,low_light,73.31606217616581
YOLOv8m,rain,9.067357512953372
YOLOv8m,fog,31.088082901554397
YOLOv8m,occlusion,0.7772020725388551
YOLOv9m,low_light,72.2875816993464
YOLOv9m,rain,9.019607843137258
YOLOv9m,fog,41.69934640522876
YOLOv9m,occlusion,1.6993464052287683
YOLOv10m,low_light,71.76820208023774
YOLOv10m,rain,7.578008915304616
YOLOv10m,fog,39.07875185735514
YOLOv10m,occlusion,-0.4457652303120261
